lundi 26 octobre 2026;9h30-13h;PONTET Alison;UV4
lundi 26 octobre 2026;13h-16h;VERNAY Florentin;UV2
lundi 26 octobre 2026;16h-19h;HERAUD Eléonore;UV4
mardi 27 octobre 2026;9h30-13h;PITOUT Timéo;UV1
mardi 27 octobre 2026;13h-16h;VERNAY Florentin;UV2
mardi 27 octobre 2026;16h-19h;BLANC Matis;UV2
mercredi 28 octobre 2026;9h30-13h;PITOUT Mahé;UV4
mercredi 28 octobre 2026;13h-16h;NASTRAN Loris;UV2
mercredi 28 octobre 2026;16h-19h;SMOLAREK Cindy-Rose;UV2
jeudi 29 octobre 2026;9h30-13h;SAINT-PIERRE Leïna;UV3
jeudi 29 octobre 2026;13h-16h;PITOUT Timéo;UV1
jeudi 29 octobre 2026;16h-19h;SMOLAREK Cindy-Rose;UV2
vendredi 30 octobre 2026;9h30-13h;GIRARDIN Théo-Paul;UV3
vendredi 30 octobre 2026;13h-16h;PONTET Alison;UV4
vendredi 30 octobre 2026;16h-19h;SOLER Alice;UV4
samedi 31 octobre 2026;9h30-13h;THUILLIER Giulia;UV1
samedi 31 octobre 2026;9h30-13h;GALBES Mathéo;UV2
samedi 31 octobre 2026;13h-16h;ROUDIER Rémi;UV2
samedi 31 octobre 2026;13h-16h;GIRARDIN Théo-Paul;UV3
samedi 31 octobre 2026;16h-19h;SAINT-PIERRE Leïna;UV3
samedi 31 octobre 2026;16h-19h;GOUMID Lyes;UV1
mercredi 4 novembre 2026;13h-16h;ABAIDIA Nahil;UV1
mercredi 4 novembre 2026;13h-16h;BONNASSIEUX Dorian;UV3
mercredi 4 novembre 2026;16h-19h;SAINT-PIERRE Leïna;UV3
mercredi 4 novembre 2026;16h-19h;BIMBERT Eva;UV2
samedi 7 novembre 2026;9h30-13h;GUY Hugo;UV1
samedi 7 novembre 2026;9h30-13h;VERNAY Florentin;UV2
samedi 7 novembre 2026;13h-16h;HEMARD DE LORENZI Lucas;UV1
samedi 7 novembre 2026;13h-16h;LANDES Zoé;UV3
samedi 7 novembre 2026;16h-19h;PONTET Alison;UV4
samedi 7 novembre 2026;16h-19h;ROUDIER Rémi;UV2
mercredi 11 novembre 2026;13h-16h;NICOD Alix;UV1
mercredi 11 novembre 2026;13h-16h;CERNIN Nathan;UV4
mercredi 11 novembre 2026;16h-19h;PAGE Théo;UV1
mercredi 11 novembre 2026;16h-19h;FRANCOIS Corto;UV4
samedi 14 novembre 2026;9h30-13h;ABAIDIA Nahil;UV1
samedi 14 novembre 2026;9h30-13h;LANDES Zoé;UV3
samedi 14 novembre 2026;13h-16h;HEMARD DE LORENZI Lucas;UV1
samedi 14 novembre 2026;13h-16h;GALBES Mathéo;UV2
samedi 14 novembre 2026;16h-19h;ANDREO Baptiste;UV3
samedi 14 novembre 2026;16h-19h;GOUMID Lyes;UV1
mercredi 18 novembre 2026;13h-16h;BAILLIU Timothé;UV1
mercredi 18 novembre 2026;13h-16h;PECHARD Margot;UV3
mercredi 18 novembre 2026;16h-19h;SAINT-PIERRE Leïna;UV3
mercredi 18 novembre 2026;16h-19h;BIMBERT Eva;UV2
samedi 21 novembre 2026;9h30-13h;GUY Hugo;UV1
samedi 21 novembre 2026;9h30-13h;ROUDIER Rémi;UV2
samedi 21 novembre 2026;13h-16h;NASTRAN Loris;UV2
samedi 21 novembre 2026;13h-16h;AVENAS Thomas;JSPB
samedi 21 novembre 2026;16h-19h;BIMBERT Eva;UV2
samedi 21 novembre 2026;16h-19h;GOUMID Lyes;UV1
mercredi 25 novembre 2026;13h-16h;LAKHNATI AUDIN Alia;UV1
mercredi 25 novembre 2026;13h-16h;RONDET Charlotte;UV3
mercredi 25 novembre 2026;16h-19h;BIMBERT Eva;UV2
mercredi 25 novembre 2026;16h-19h;PAGE Théo;UV1
samedi 28 novembre 2026;9h30-13h;ABAIDIA Nahil;UV1
samedi 28 novembre 2026;9h30-13h;BLANC Matis;UV2
samedi 28 novembre 2026;13h-16h;NGUYEN Aline;UV1
samedi 28 novembre 2026;13h-16h;ANDREO Baptiste;UV3
samedi 28 novembre 2026;16h-19h;SOLER Alice;UV4
samedi 28 novembre 2026;16h-19h;GOUMID Lyes;UV1
dimanche 29 novembre 2026;9h30-13h;LAKHNATI AUDIN Alia;UV1
dimanche 29 novembre 2026;9h30-13h;LANDES Zoé;UV3
dimanche 29 novembre 2026;13h-16h;BONNASSIEUX Dorian;UV3
dimanche 29 novembre 2026;13h-16h;NICOD Alix;UV1
dimanche 29 novembre 2026;16h-19h;HEMARD DE LORENZI Lucas;UV1
dimanche 29 novembre 2026;16h-19h;ROUDIER Rémi;UV2
mercredi 2 décembre 2026;13h-16h;HEMARD DE LORENZI Lucas;UV1
mercredi 2 décembre 2026;13h-16h;BOTH Ambroisine;UV3
mercredi 2 décembre 2026;16h-19h;SAINT-PIERRE Leïna;UV3
mercredi 2 décembre 2026;16h-19h;PAGE Théo;UV1
samedi 5 décembre 2026;9h30-13h;ABAIDIA Nahil;UV1
samedi 5 décembre 2026;9h30-13h;VERNAY Florentin;UV2
samedi 5 décembre 2026;13h-16h;NASTRAN Loris;UV2
samedi 5 décembre 2026;13h-16h;SOLER Alice;UV4
samedi 5 décembre 2026;16h-19h;HEMARD DE LORENZI Lucas;UV1
samedi 5 décembre 2026;16h-19h;GOMEZ Téo;UV4
dimanche 6 décembre 2026;9h30-13h;GUY Hugo;UV1
dimanche 6 décembre 2026;9h30-13h;CERNIN Nathan;UV4
dimanche 6 décembre 2026;13h-16h;RONDET Charlotte;UV3
dimanche 6 décembre 2026;13h-16h;PAGE Théo;UV1
dimanche 6 décembre 2026;16h-19h;GOMEZ Téo;UV4
dimanche 6 décembre 2026;16h-19h;FRANCOIS Corto;UV4
mercredi 9 décembre 2026;13h-16h;BAILLIU Timothé;UV1
mercredi 9 décembre 2026;13h-16h;GIRARDIN Théo-Paul;UV3
mercredi 9 décembre 2026;16h-19h;SMOLAREK Cindy-Rose;UV2
mercredi 9 décembre 2026;16h-19h;THUILLIER Giulia;UV1
samedi 12 décembre 2026;9h30-13h;NICOD Alix;UV1
samedi 12 décembre 2026;9h30-13h;LANDES Zoé;UV3
samedi 12 décembre 2026;13h-16h;ANDREO Baptiste;UV3
samedi 12 décembre 2026;13h-16h;NGUYEN Aline;UV1
samedi 12 décembre 2026;16h-19h;BLANC Matis;UV2
samedi 12 décembre 2026;16h-19h;SOLER Alice;UV4
dimanche 13 décembre 2026;9h30-13h;NGUYEN Aline;UV1
dimanche 13 décembre 2026;9h30-13h;HERAUD Eléonore;UV4
dimanche 13 décembre 2026;13h-16h;RONDET Charlotte;UV3
dimanche 13 décembre 2026;13h-16h;NICOD Alix;UV1
dimanche 13 décembre 2026;16h-19h;FRANCOIS Corto;UV4
dimanche 13 décembre 2026;16h-19h;BOTH Ambroisine;UV3
mercredi 16 décembre 2026;13h-16h;NICOD Alix;UV1
mercredi 16 décembre 2026;13h-16h;NASTRAN Loris;UV2
mercredi 16 décembre 2026;16h-19h;THUILLIER Giulia;UV1
mercredi 16 décembre 2026;16h-19h;BOTH Ambroisine;UV3
samedi 19 décembre 2026;9h30-13h;BAILLIU Timothé;UV1
samedi 19 décembre 2026;9h30-13h;BLANC Matis;UV2
samedi 19 décembre 2026;13h-16h;PITOUT Timéo;UV1
samedi 19 décembre 2026;13h-16h;PITOUT Mahé;UV4
samedi 19 décembre 2026;16h-19h;PECHARD Margot;UV3
samedi 19 décembre 2026;16h-19h;BOTH Ambroisine;UV3
dimanche 20 décembre 2026;9h30-13h;LAKHNATI AUDIN Alia;UV1
dimanche 20 décembre 2026;9h30-13h;GOMEZ Téo;UV4
dimanche 20 décembre 2026;13h-16h;PITOUT Mahé;UV4
dimanche 20 décembre 2026;13h-16h;SOLER Alice;UV4
dimanche 20 décembre 2026;16h-19h;FRANCOIS Corto;UV4
dimanche 20 décembre 2026;16h-19h;PONTET Alison;UV4
lundi 21 décembre 2026;9h30-13h;GUY Hugo;UV1
lundi 21 décembre 2026;9h30-13h;CERNIN Nathan;UV4
lundi 21 décembre 2026;13h-16h;GALBES Mathéo;UV2
lundi 21 décembre 2026;13h-16h;PAGE Théo;UV1
lundi 21 décembre 2026;16h-19h;ANDREO Baptiste;UV3
lundi 21 décembre 2026;16h-19h;HERAUD Eléonore;UV4
mardi 22 décembre 2026;9h30-13h;BAILLIU Timothé;UV1
mardi 22 décembre 2026;9h30-13h;CERNIN Nathan;UV4
mardi 22 décembre 2026;13h-16h;GIRARDIN Théo-Paul;UV3
mardi 22 décembre 2026;13h-16h;LAKHNATI AUDIN Alia;UV1
mardi 22 décembre 2026;16h-19h;SMOLAREK Cindy-Rose;UV2
mardi 22 décembre 2026;16h-19h;GALBES Mathéo;UV2
mercredi 23 décembre 2026;9h30-13h;PECHARD Margot;UV3
mercredi 23 décembre 2026;9h30-13h;GOMEZ Téo;UV4
mercredi 23 décembre 2026;13h-16h;BONNASSIEUX Dorian;UV3
mercredi 23 décembre 2026;13h-16h;THUILLIER Giulia;UV1
mercredi 23 décembre 2026;16h-19h;PITOUT Timéo;UV1
mercredi 23 décembre 2026;16h-19h;PITOUT Mahé;UV4
jeudi 24 décembre 2026;9h30-12h30;NGUYEN Aline;UV1
jeudi 24 décembre 2026;9h30-12h30;BIMBERT Eva;UV2
jeudi 24 décembre 2026;12h30-15h30;PECHARD Margot;UV3
jeudi 24 décembre 2026;12h30-15h30;BONNASSIEUX Dorian;UV3
jeudi 24 décembre 2026;15h30-18h;HERAUD Eléonore;UV4
jeudi 24 décembre 2026;15h30-18h;SMOLAREK Cindy-Rose;UV2
